"Model","R_squared","Adj_R_squared","AIC","BIC","RMSE"
"Occupancy Rate",0.0951724541825859,0.09335553139982,13673.7230197048,13686.3668440001,208727.423611449
"ADR",0.132813269889065,0.131071931073581,13652.4779997751,13665.1218240704,204339.778173732
"Marketing Spend",2.70093761269191e-05,-0.00198096851669227,13723.7149701085,13736.3587944038,219427.341155135
"Guest Satisfaction",0.0302281136759918,0.0282807805709234,13708.3812730393,13721.0250973346,216088.373557865
"Loyalty Members",0.851378755288659,0.851080319054299,12770.5513793984,12783.1952036937,84593.5114795467
"Rooms Available",0.734568834013891,0.734035839704682,13060.5286081105,13073.1724324058,113050.519714625
"Full Model",0.963285370311801,0.962763007694286,12083.4384878555,12121.3699607413,42045.1766896009
